{
    "snowfall": {
        "latitude": 43.419884,
        "longitude": -80.50015,
        "generationtime_ms": 0.05602836608886719,
        "utc_offset_seconds": -18000,
        "timezone": "America/New_York",
        "timezone_abbreviation": "EST",
        "elevation": 337.0,
        "daily_units": {
            "time": "iso8601",
            "snowfall_sum": "cm"
        },
        "daily": {
            "time": [
                "2023-11-28",
                "2023-11-29",
                "2023-11-30",
                "2023-12-01",
                "2023-12-02",
                "2023-12-03",
                "2023-12-04",
                "2023-12-05",
                "2023-12-06",
                "2023-12-07",
                "2023-12-08",
                "2023-12-09",
                "2023-12-10",
                "2023-12-11"
            ],
            "snowfall_sum": [
                0.00,
                1.12,
                0.00,
                1.54,
                0.00,
                0.00,
                0.24,
                0.83,
                0.00,
                0.00,
                0.00,
                0.00,
                0.10,
                0.00
            ]
        }
    }
}