{
    "weather": {
        "latitude": 43.419884,
        "longitude": -80.50015,
        "generationtime_ms": 0.10693073272705078,
        "utc_offset_seconds": -18000,
        "timezone": "America/New_York",
        "timezone_abbreviation": "EST",
        "elevation": 337.0,
        "daily_units": {
            "time": "iso8601",
            "weather_code": "wmo code"
        },
        "daily": {
            "time": [
                "2023-11-28",
                "2023-11-29",
                "2023-11-30",
                "2023-12-01",
                "2023-12-02",
                "2023-12-03",
                "2023-12-04",
                "2023-12-05",
                "2023-12-06",
                "2023-12-07",
                "2023-12-08",
                "2023-12-09",
                "2023-12-10",
                "2023-12-11"
            ],
            "condition": [
                "Partly Cloudy",
                "Mostly Cloudy",
                "Clear",
                "Mostly Cloudy",
                "Partly Cloudy",
                "Drizzle",
                "Light Rain",
                "Thunderstorms",
                "Clear",
                "Clear",
                "Clear",
                "Clear",
                "Light Rain",
                "Clear"
            ]
        }
    }
}